date,stock_code,broker_name,broker_id,buy_vol,sell_vol,net_vol,pct,rank,side
10/01,2330,台灣摩根士丹利,1470,3798,972,2826,14.27,1,buy
10/01,2330,摩根大通,8440,1504,3870,-2366,11.94,1,sell
10/01,2330,元大證券,9800,2289,298,1991,10.05,2,buy
10/01,2330,美林,1440,595,1445,-850,4.29,2,sell
10/01,2330,凱基-台北,9268,844,190,654,3.3,3,buy
10/01,2330,凱基,9200,78,504,-426,2.15,3,sell
10/01,2330,國泰證券,8880,640,4,636,3.21,4,buy
10/01,2330,新加坡商瑞銀,1650,533,826,-293,1.48,4,sell
10/01,2330,美商高盛,1480,1500,952,548,2.77,5,buy
10/01,2330,元大-復北,9872,26,224,-198,1.0,5,sell
10/01,2330,永豐金證券,0039004100300030,745,218,527,2.66,6,buy
10/01,2330,香港上海匯豐,8960,63,260,-197,0.99,6,sell
10/01,2330,富邦證券,9600,678,215,463,2.34,7,buy
10/01,2330,群益金鼎-北高雄,0039003100330052,0,189,-189,0.95,7,sell
10/01,2330,統一,5850,270,69,201,1.01,8,buy
10/01,2330,國泰-敦南,8888,70,229,-159,0.8,8,sell
10/01,2330,凱基-站前,0039003200300046,245,51,194,0.98,9,buy
10/01,2330,中國信託-新竹,6165,21,110,-89,0.45,9,sell
10/01,2330,中國信託,6160,266,89,177,0.89,10,buy
10/01,2330,新光-台中,8561,7,87,-80,0.4,10,sell
10/01,2330,花旗環球,1590,703,532,171,0.86,11,buy
10/01,2330,永豐金-敦北,0039004100380039,6,85,-79,0.4,11,sell
10/01,2330,法銀巴黎,8900,148,0,148,0.75,12,buy
10/01,2330,凱基-彰化,0039003200300047,0,68,-68,0.34,12,sell
10/01,2330,大和國泰,8890,175,31,144,0.73,13,buy
10/01,2330,富邦-建國,9658,6,63,-57,0.29,13,sell
10/01,2330,群益金鼎,9100,159,35,124,0.63,14,buy
10/01,2330,富邦-中壢,9636,5,61,-56,0.28,14,sell
10/01,2330,台新,0039004200300030,231,118,113,0.57,15,buy
10/01,2330,聯邦證券,8580,4,60,-56,0.28,15,sell
10/01,2891,永豐金證券,0039004100300030,3239,1000,2239,7.82,1,buy
10/01,2891,香港上海匯豐,8960,955,4883,-3928,13.71,1,sell
10/01,2891,康和,8450,1878,0,1878,6.56,2,buy
10/01,2891,新加坡商瑞銀,1650,557,4382,-3825,13.35,2,sell
10/01,2891,元大證券,9800,4454,2655,1799,6.28,3,buy
10/01,2891,台灣摩根士丹利,1470,1063,3641,-2578,9.0,3,sell
10/01,2891,國票-敦北法人,0037003700390063,1422,26,1396,4.87,4,buy
10/01,2891,摩根大通,8440,740,3195,-2455,8.57,4,sell
10/01,2891,兆豐證券,7000,1205,18,1187,4.14,5,buy
10/01,2891,美商高盛,1480,450,2640,-2190,7.64,5,sell
10/01,2891,永豐金-匯立,0039004100380031,590,99,491,1.71,6,buy
10/01,2891,凱基-台北,9268,443,948,-505,1.76,6,sell
10/01,2891,花旗環球,1590,625,144,481,1.68,7,buy
10/01,2891,美林,1440,618,937,-319,1.11,7,sell
10/01,2891,港商麥格理,1360,310,40,270,0.94,8,buy
10/01,2891,統一,5850,103,364,-261,0.91,8,sell
10/01,2891,元大-士林,003900380031006a,266,0,266,0.93,9,buy
10/01,2891,富邦-新竹,9647,36,239,-203,0.71,9,sell
10/01,2891,國泰-敦南,8888,423,161,262,0.91,10,buy
10/01,2891,富邦證券,9600,6,84,-78,0.27,10,sell
10/01,2891,華南永昌-世貿,9334,174,0,174,0.61,11,buy
10/01,2891,國泰證券,8880,19,97,-78,0.27,11,sell
10/01,2891,凱基,9200,215,68,147,0.51,12,buy
10/01,2891,台新,0039004200300030,70,144,-74,0.26,12,sell
10/01,2891,群益金鼎-南京,0039003100380045,166,47,119,0.42,13,buy
10/01,2891,聯邦-高雄,8581,2,74,-72,0.25,13,sell
10/01,2891,永豐金-新竹,0039004100390037,110,4,106,0.37,14,buy
10/01,2891,法銀巴黎,8900,33,101,-68,0.24,14,sell
10/01,2891,凱基-東勢,0039003200310059,167,65,102,0.36,15,buy
10/01,2891,富邦-三峽,003900360032004a,0,55,-55,0.19,15,sell
10/01,3037,元大證券,9800,2506,1526,980,6.32,1,buy
10/01,3037,港商野村,1560,95,681,-586,3.78,1,sell
10/01,3037,台灣摩根士丹利,1470,1104,639,465,3.0,2,buy
10/01,3037,港商麥格理,1360,7,349,-342,2.21,2,sell
10/01,3037,新加坡商瑞銀,1650,886,454,432,2.79,3,buy
10/01,3037,中國信託-三重,6161,57,262,-205,1.32,3,sell
10/01,3037,國泰證券,8880,213,24,189,1.22,4,buy
10/01,3037,元大-土城永寧,9875,5,209,-204,1.32,4,sell
10/01,3037,凱基-台北,9268,939,762,177,1.14,5,buy
10/01,3037,永豐金-忠孝,0039004100390044,4,206,-202,1.3,5,sell
10/01,3037,統一,5850,186,46,140,0.9,6,buy
10/01,3037,美商高盛,1480,975,1141,-166,1.07,6,sell
10/01,3037,富邦證券,9600,279,151,128,0.83,7,buy
10/01,3037,兆豐-北高雄,0037003000300049,2,100,-98,0.63,7,sell
10/01,3037,凱基,9200,128,20,108,0.7,8,buy
10/01,3037,國泰-敦南,8888,333,405,-72,0.46,8,sell
10/01,3037,永豐金證券,0039004100300030,190,84,106,0.68,9,buy
10/01,3037,中國信託,6160,74,120,-46,0.3,9,sell
10/01,3037,國票-敦北法人,0037003700390063,131,62,69,0.45,10,buy
10/01,3037,花旗環球,1590,35,79,-44,0.28,10,sell
10/01,3037,永興,5600,51,0,51,0.33,11,buy
10/01,3037,富邦-中壢,9636,19,57,-38,0.25,11,sell
10/01,3037,凱基-站前,0039003200300046,91,41,50,0.32,12,buy
10/01,3037,華南永昌-竹北,9339,5,42,-37,0.24,12,sell
10/01,3037,摩根大通,8440,256,212,44,0.28,13,buy
10/01,3037,富邦-台北,9623,26,60,-34,0.22,13,sell
10/01,3037,台新-北新莊,0039004200320038,44,3,41,0.26,14,buy
10/01,3037,元大-竹科,003900380030004b,26,60,-34,0.22,14,sell
10/01,3037,玉山-士林,0038003800340041,53,14,39,0.25,15,buy
10/01,3037,美林,1440,317,351,-34,0.22,15,sell
